[{"pk": 1, "model": "contenttypes.contenttype", "fields": {"model": "logentry", "name": "log entry", "app_label": "admin"}}, {"pk": 2, "model": "contenttypes.contenttype", "fields": {"model": "permission", "name": "permission", "app_label": "auth"}}, {"pk": 3, "model": "contenttypes.contenttype", "fields": {"model": "group", "name": "group", "app_label": "auth"}}, {"pk": 4, "model": "contenttypes.contenttype", "fields": {"model": "user", "name": "user", "app_label": "auth"}}, {"pk": 5, "model": "contenttypes.contenttype", "fields": {"model": "contenttype", "name": "content type", "app_label": "contenttypes"}}, {"pk": 6, "model": "contenttypes.contenttype", "fields": {"model": "session", "name": "session", "app_label": "sessions"}}, {"pk": 7, "model": "contenttypes.contenttype", "fields": {"model": "migrationhistory", "name": "migration history", "app_label": "south"}}, {"pk": 8, "model": "contenttypes.contenttype", "fields": {"model": "group", "name": "group", "app_label": "accounts"}}, {"pk": 9, "model": "contenttypes.contenttype", "fields": {"model": "usersettings", "name": "user settings", "app_label": "accounts"}}, {"pk": 10, "model": "contenttypes.contenttype", "fields": {"model": "bug", "name": "bug", "app_label": "bugs"}}, {"pk": 11, "model": "contenttypes.contenttype", "fields": {"model": "feature", "name": "feature", "app_label": "bugs"}}, {"pk": 12, "model": "contenttypes.contenttype", "fields": {"model": "update", "name": "update", "app_label": "common"}}, {"pk": 13, "model": "contenttypes.contenttype", "fields": {"model": "userupdate", "name": "user update", "app_label": "common"}}, {"pk": 14, "model": "contenttypes.contenttype", "fields": {"model": "groupupdate", "name": "group update", "app_label": "common"}}, {"pk": 15, "model": "contenttypes.contenttype", "fields": {"model": "decision", "name": "decision", "app_label": "decisions"}}, {"pk": 16, "model": "contenttypes.contenttype", "fields": {"model": "item", "name": "item", "app_label": "docs"}}, {"pk": 17, "model": "contenttypes.contenttype", "fields": {"model": "template", "name": "template", "app_label": "docs"}}, {"pk": 18, "model": "contenttypes.contenttype", "fields": {"model": "meeting", "name": "meeting", "app_label": "meetings"}}, {"pk": 19, "model": "contenttypes.contenttype", "fields": {"model": "distributionrecord", "name": "distribution record", "app_label": "meetings"}}, {"pk": 20, "model": "contenttypes.contenttype", "fields": {"model": "participant", "name": "participant", "app_label": "participants"}}, {"pk": 21, "model": "contenttypes.contenttype", "fields": {"model": "task", "name": "task", "app_label": "tasks"}}, {"pk": "tqf5dvrg8uej20xcthing4chrmythzh4", "model": "sessions.session", "fields": {"expire_date": "2014-06-05T06:07:45.466Z", "session_data": "MGM5OTZkYjQ3YTI1YjA4NWE0Yjg2NDc0NDlmNjIxNzc1YzVkYTZiNjp7Il9hdXRoX3VzZXJfYmFja2VuZCI6ImRqYW5nby5jb250cmliLmF1dGguYmFja2VuZHMuTW9kZWxCYWNrZW5kIiwiX2F1dGhfdXNlcl9pZCI6Mn0="}}, {"pk": 1, "model": "south.migrationhistory", "fields": {"applied": "2014-05-22T06:01:57.413Z", "app_name": "accounts", "migration": "0001_initial"}}, {"pk": 2, "model": "south.migrationhistory", "fields": {"applied": "2014-05-22T06:01:57.524Z", "app_name": "accounts", "migration": "0002_auto__del_field_group_status__add_field_group_account_status__add_fiel"}}, {"pk": 3, "model": "south.migrationhistory", "fields": {"applied": "2014-05-22T06:01:57.640Z", "app_name": "bugs", "migration": "0001_initial"}}, {"pk": 4, "model": "south.migrationhistory", "fields": {"applied": "2014-05-22T06:01:57.718Z", "app_name": "bugs", "migration": "0002_auto__add_field_bug_comment_closing__add_field_feature_comment_closing"}}, {"pk": 5, "model": "south.migrationhistory", "fields": {"applied": "2014-05-22T06:01:57.865Z", "app_name": "common", "migration": "0001_initial"}}, {"pk": 6, "model": "south.migrationhistory", "fields": {"applied": "2014-05-22T06:01:57.982Z", "app_name": "common", "migration": "0002_auto__del_accountupdate__add_userupdate__add_groupupdate"}}, {"pk": 7, "model": "south.migrationhistory", "fields": {"applied": "2014-05-22T06:01:58.105Z", "app_name": "decisions", "migration": "0001_initial"}}, {"pk": 8, "model": "south.migrationhistory", "fields": {"applied": "2014-05-22T06:01:58.223Z", "app_name": "decisions", "migration": "0002_auto__chg_field_decision_description"}}, {"pk": 9, "model": "south.migrationhistory", "fields": {"applied": "2014-05-22T06:01:58.380Z", "app_name": "docs", "migration": "0001_initial"}}, {"pk": 10, "model": "south.migrationhistory", "fields": {"applied": "2014-05-22T06:01:58.591Z", "app_name": "docs", "migration": "0002_auto__chg_field_item_title__chg_field_item_minute_notes__chg_field_ite"}}, {"pk": 11, "model": "south.migrationhistory", "fields": {"applied": "2014-05-22T06:01:58.807Z", "app_name": "meetings", "migration": "0001_initial"}}, {"pk": 12, "model": "south.migrationhistory", "fields": {"applied": "2014-05-22T06:01:59.696Z", "app_name": "meetings", "migration": "0002_auto__chg_field_meeting_instructions_scheduled__chg_field_meeting_next"}}, {"pk": 13, "model": "south.migrationhistory", "fields": {"applied": "2014-05-22T06:01:59.841Z", "app_name": "meetings", "migration": "0003_auto__add_field_meeting_existing_tasks_in_minutes"}}, {"pk": 14, "model": "south.migrationhistory", "fields": {"applied": "2014-05-22T06:01:59.940Z", "app_name": "participants", "migration": "0001_initial"}}, {"pk": 15, "model": "south.migrationhistory", "fields": {"applied": "2014-05-22T06:02:00.103Z", "app_name": "participants", "migration": "0002_auto__chg_field_participant_first_name__chg_field_participant_last_nam"}}, {"pk": 16, "model": "south.migrationhistory", "fields": {"applied": "2014-05-22T06:02:00.240Z", "app_name": "tasks", "migration": "0001_initial"}}, {"pk": 17, "model": "south.migrationhistory", "fields": {"applied": "2014-05-22T06:02:00.353Z", "app_name": "tasks", "migration": "0002_auto__chg_field_task_notes"}}, {"pk": 1, "model": "common.groupupdate", "fields": {"group": 1, "name": "Engineers Against Borders", "created": "2014-05-22T06:07:45.270Z", "account_type": "Free", "country": "Australia", "modified": "2014-05-22T06:07:45.289Z", "focus": "gradual revolution", "aim": "To dismantle the state, efficiently.", "account_status": "Active", "logo": "", "slug": "engineers-against-bo"}}, {"pk": 1, "model": "docs.item", "fields": {"time_limit": 5, "item_no": 1, "group": 1, "minute_notes": "", "created": "2014-05-22T06:15:29.768Z", "title": "Introductions", "carry_over": false, "modified": "2014-05-22T06:19:43.154Z", "added_in_meeting": false, "background": "", "meeting": 1, "explainer": null}}, {"pk": 2, "model": "docs.item", "fields": {"time_limit": 10, "item_no": 2, "group": 1, "minute_notes": "", "created": "2014-05-22T06:15:43.559Z", "title": "Working group reports", "carry_over": false, "modified": "2014-05-22T06:19:43.235Z", "added_in_meeting": false, "background": "Direct action sub-group report (5 mins)\r\nWhite paper sub-group report (5 mins)", "meeting": 1, "explainer": null}}, {"pk": 3, "model": "docs.item", "fields": {"time_limit": 30, "item_no": 3, "group": 1, "minute_notes": "", "created": "2014-05-22T06:16:21.804Z", "title": "Direct action plans", "carry_over": false, "modified": "2014-05-22T06:19:43.251Z", "added_in_meeting": false, "background": "Maecenas congue ligula ac quam viverra nec consectetur ante hendrerit. Donec et mollis dolor. Praesent et diam eget libero egestas mattis sit amet vitae augue. Nam tincidunt congue enim, ut porta lorem lacinia consectetur. Donec ut libero sed arcu vehicula ultricies a non tortor. Lorem ipsum dolor sit amet, consectetur adipiscing elit. Aenean ut gravida lorem. Ut turpis felis, pulvinar a semper sed, adipiscing id dolor. Pellentesque auctor nisi id magna consequat sagittis.", "meeting": 1, "explainer": 5}}, {"pk": 4, "model": "docs.item", "fields": {"time_limit": 20, "item_no": 4, "group": 1, "minute_notes": "", "created": "2014-05-22T06:16:51.861Z", "title": "Lobbying over the next month", "carry_over": false, "modified": "2014-05-22T06:19:43.271Z", "added_in_meeting": false, "background": "Maecenas congue ligula ac quam viverra nec consectetur ante hendrerit. Donec et mollis dolor. Praesent et diam eget libero egestas mattis sit amet vitae augue. Nam tincidunt congue enim, ut porta lorem lacinia consectetur. Donec ut libero sed arcu vehicula ultricies a non tortor.", "meeting": 1, "explainer": 1}}, {"pk": 5, "model": "docs.item", "fields": {"time_limit": 5, "item_no": 1, "group": 1, "minute_notes": "", "created": "2014-05-22T06:21:09.817Z", "title": "Introductions", "carry_over": false, "modified": "2014-05-22T06:24:05.609Z", "added_in_meeting": false, "background": "", "meeting": 2, "explainer": null}}, {"pk": 6, "model": "docs.item", "fields": {"time_limit": 15, "item_no": 2, "group": 1, "minute_notes": "", "created": "2014-05-22T06:21:22.396Z", "title": "Working group reports", "carry_over": false, "modified": "2014-05-22T06:24:05.837Z", "added_in_meeting": false, "background": "Direct action sub-group report (5 mins)\r\nWhite paper sub-group report (5 mins)\r\nLobbying sub-group report (5 mins)", "meeting": 2, "explainer": null}}, {"pk": 7, "model": "docs.item", "fields": {"time_limit": 60, "item_no": 3, "group": 1, "minute_notes": "", "created": "2014-05-22T06:21:23.639Z", "title": "Development of a lobbying plan for the rest of the year", "carry_over": false, "modified": "2014-05-22T06:24:05.933Z", "added_in_meeting": false, "background": "Maecenas congue ligula ac quam viverra nec consectetur ante hendrerit. Donec et mollis dolor. Praesent et diam eget libero egestas mattis sit amet vitae augue. Nam tincidunt congue enim, ut porta lorem lacinia consectetur. Donec ut libero sed arcu vehicula ultricies a non tortor.", "meeting": 2, "explainer": 3}}, {"pk": 8, "model": "docs.item", "fields": {"time_limit": 30, "item_no": 4, "group": 1, "minute_notes": "", "created": "2014-05-22T06:21:24.939Z", "title": "Direction action evaluation", "carry_over": false, "modified": "2014-05-22T06:24:05.973Z", "added_in_meeting": false, "background": "Maecenas congue ligula ac quam viverra nec consectetur ante hendrerit. Donec et mollis dolor. Praesent et diam eget libero egestas mattis sit amet vitae augue. Nam tincidunt congue enim, ut porta lorem lacinia consectetur. Donec ut libero sed arcu vehicula ultricies a non tortor. Lorem ipsum dolor sit amet, consectetur adipiscing elit. Aenean ut gravida lorem. Ut turpis felis, pulvinar a semper sed, adipiscing id dolor. Pellentesque auctor nisi id magna consequat sagittis.", "meeting": 2, "explainer": 2}}, {"pk": 1, "model": "meetings.meeting", "fields": {"meeting_type": "Ordinary Meeting", "instructions_scheduled": "", "current_minutes_version": null, "current_agenda_version": null, "next_meeting_instructions": "", "next_meeting_date": null, "reminder_sent": null, "end_time_actual": null, "next_meeting_start_time": null, "apologies": "", "minute_taker_actual": null, "attendance": "", "group": 1, "instructions_actual": "", "date_actual": null, "minutes_pdf": "", "start_time_scheduled": "19:00:00", "existing_tasks_in_minutes": false, "start_time_actual": null, "meeting_no": "Mtg1/2014", "next_meeting_minute_taker": null, "meeting_status": "Scheduled", "location_scheduled": "Meeting Room 3,\r\nState Library", "location_actual": "", "facilitator_scheduled": 2, "meeting_archived": false, "minute_taker_scheduled": 3, "facilitator_actual": null, "next_meeting_facilitator": null, "created": "2014-05-22T06:15:29.736Z", "next_meeting_location": "", "modified": "2014-05-22T06:19:43.294Z", "agenda_pdf": "", "date_scheduled": "2014-05-16"}}, {"pk": 2, "model": "meetings.meeting", "fields": {"meeting_type": "Ordinary Meeting", "instructions_scheduled": "Please meet in the lobby of the library by 5:25pm.", "current_minutes_version": null, "current_agenda_version": null, "next_meeting_instructions": "", "next_meeting_date": null, "reminder_sent": null, "end_time_actual": null, "next_meeting_start_time": null, "apologies": "", "minute_taker_actual": null, "attendance": "", "group": 1, "instructions_actual": "", "date_actual": null, "minutes_pdf": "", "start_time_scheduled": "17:30:00", "existing_tasks_in_minutes": false, "start_time_actual": null, "meeting_no": "Mtg2/2014", "next_meeting_minute_taker": null, "meeting_status": "Scheduled", "location_scheduled": "Meeting Room 5,\r\nState Library", "location_actual": "", "facilitator_scheduled": 5, "meeting_archived": false, "minute_taker_scheduled": 2, "facilitator_actual": null, "next_meeting_facilitator": null, "created": "2014-05-22T06:21:09.769Z", "next_meeting_location": "", "modified": "2014-05-22T06:24:06.030Z", "agenda_pdf": "", "date_scheduled": "2014-05-23"}}, {"pk": 1, "model": "participants.participant", "fields": {"status": "Active", "first_name": "Ash", "last_name": "Anderson", "group": 1, "created": "2014-05-22T06:07:45.438Z", "notes": "", "reminders": true, "modified": "2014-05-22T06:07:45.438Z", "phone": "", "email": "ash@econvenor.org"}}, {"pk": 2, "model": "participants.participant", "fields": {"status": "Active", "first_name": "Beau", "last_name": "Brady", "group": 1, "created": "2014-05-22T06:10:34.038Z", "notes": "", "reminders": true, "modified": "2014-05-22T06:10:34.038Z", "phone": "0453 567 288", "email": "beau@econvenor.org"}}, {"pk": 3, "model": "participants.participant", "fields": {"status": "Active", "first_name": "Chris", "last_name": "Chandler", "group": 1, "created": "2014-05-22T06:10:48.506Z", "notes": "", "reminders": true, "modified": "2014-05-22T06:10:48.506Z", "phone": "0421 554 819", "email": "chris@econvenor.org"}}, {"pk": 4, "model": "participants.participant", "fields": {"status": "Active", "first_name": "Dan", "last_name": "Davis", "group": 1, "created": "2014-05-22T06:11:09.565Z", "notes": "", "reminders": true, "modified": "2014-05-22T06:11:09.565Z", "phone": "0452 682 990", "email": "dan@econvenor.org"}}, {"pk": 5, "model": "participants.participant", "fields": {"status": "Active", "first_name": "Ellis", "last_name": "Edwards", "group": 1, "created": "2014-05-22T06:11:26.536Z", "notes": "", "reminders": true, "modified": "2014-05-22T06:11:26.536Z", "phone": "0437 771 143", "email": "ellis@econvenor.org"}}, {"pk": 1, "model": "tasks.task", "fields": {"status": "Incomplete", "participant": 2, "description": "Develop draft of white paper", "created": "2014-05-22T06:24:54.853Z", "notes": "", "modified": "2014-05-22T06:24:54.853Z", "item": null, "completion_date": null, "deadline": "2014-05-15", "task_no": null, "group": 1, "meeting": null}}, {"pk": 2, "model": "tasks.task", "fields": {"status": "Incomplete", "participant": 3, "description": "Edit draft of white paper", "created": "2014-05-22T06:25:20.670Z", "notes": "", "modified": "2014-05-22T06:25:27.012Z", "item": null, "completion_date": null, "deadline": "2014-05-22", "task_no": null, "group": 1, "meeting": null}}, {"pk": 3, "model": "tasks.task", "fields": {"status": "Incomplete", "participant": 5, "description": "Develop media contacts database", "created": "2014-05-22T06:26:00.353Z", "notes": "", "modified": "2014-05-22T06:26:00.353Z", "item": null, "completion_date": null, "deadline": "2014-05-31", "task_no": null, "group": 1, "meeting": null}}, {"pk": 4, "model": "tasks.task", "fields": {"status": "Completed", "participant": 1, "description": "Buy rope, glue and paint", "created": "2014-05-22T06:26:31.775Z", "notes": "", "modified": "2014-05-22T06:27:36.892Z", "item": null, "completion_date": "2014-05-20", "deadline": "2014-05-21", "task_no": null, "group": 1, "meeting": null}}, {"pk": 5, "model": "tasks.task", "fields": {"status": "Incomplete", "participant": 4, "description": "Book direct action training workshop", "created": "2014-05-22T06:27:20.922Z", "notes": "", "modified": "2014-05-22T06:27:20.922Z", "item": null, "completion_date": null, "deadline": "2014-05-29", "task_no": null, "group": 1, "meeting": null}}, {"pk": 1, "model": "auth.permission", "fields": {"codename": "add_logentry", "name": "Can add log entry", "content_type": 1}}, {"pk": 2, "model": "auth.permission", "fields": {"codename": "change_logentry", "name": "Can change log entry", "content_type": 1}}, {"pk": 3, "model": "auth.permission", "fields": {"codename": "delete_logentry", "name": "Can delete log entry", "content_type": 1}}, {"pk": 4, "model": "auth.permission", "fields": {"codename": "add_permission", "name": "Can add permission", "content_type": 2}}, {"pk": 5, "model": "auth.permission", "fields": {"codename": "change_permission", "name": "Can change permission", "content_type": 2}}, {"pk": 6, "model": "auth.permission", "fields": {"codename": "delete_permission", "name": "Can delete permission", "content_type": 2}}, {"pk": 7, "model": "auth.permission", "fields": {"codename": "add_group", "name": "Can add group", "content_type": 3}}, {"pk": 8, "model": "auth.permission", "fields": {"codename": "change_group", "name": "Can change group", "content_type": 3}}, {"pk": 9, "model": "auth.permission", "fields": {"codename": "delete_group", "name": "Can delete group", "content_type": 3}}, {"pk": 10, "model": "auth.permission", "fields": {"codename": "add_user", "name": "Can add user", "content_type": 4}}, {"pk": 11, "model": "auth.permission", "fields": {"codename": "change_user", "name": "Can change user", "content_type": 4}}, {"pk": 12, "model": "auth.permission", "fields": {"codename": "delete_user", "name": "Can delete user", "content_type": 4}}, {"pk": 13, "model": "auth.permission", "fields": {"codename": "add_contenttype", "name": "Can add content type", "content_type": 5}}, {"pk": 14, "model": "auth.permission", "fields": {"codename": "change_contenttype", "name": "Can change content type", "content_type": 5}}, {"pk": 15, "model": "auth.permission", "fields": {"codename": "delete_contenttype", "name": "Can delete content type", "content_type": 5}}, {"pk": 16, "model": "auth.permission", "fields": {"codename": "add_session", "name": "Can add session", "content_type": 6}}, {"pk": 17, "model": "auth.permission", "fields": {"codename": "change_session", "name": "Can change session", "content_type": 6}}, {"pk": 18, "model": "auth.permission", "fields": {"codename": "delete_session", "name": "Can delete session", "content_type": 6}}, {"pk": 19, "model": "auth.permission", "fields": {"codename": "add_migrationhistory", "name": "Can add migration history", "content_type": 7}}, {"pk": 20, "model": "auth.permission", "fields": {"codename": "change_migrationhistory", "name": "Can change migration history", "content_type": 7}}, {"pk": 21, "model": "auth.permission", "fields": {"codename": "delete_migrationhistory", "name": "Can delete migration history", "content_type": 7}}, {"pk": 22, "model": "auth.permission", "fields": {"codename": "add_group", "name": "Can add group", "content_type": 8}}, {"pk": 23, "model": "auth.permission", "fields": {"codename": "change_group", "name": "Can change group", "content_type": 8}}, {"pk": 24, "model": "auth.permission", "fields": {"codename": "delete_group", "name": "Can delete group", "content_type": 8}}, {"pk": 25, "model": "auth.permission", "fields": {"codename": "add_usersettings", "name": "Can add user settings", "content_type": 9}}, {"pk": 26, "model": "auth.permission", "fields": {"codename": "change_usersettings", "name": "Can change user settings", "content_type": 9}}, {"pk": 27, "model": "auth.permission", "fields": {"codename": "delete_usersettings", "name": "Can delete user settings", "content_type": 9}}, {"pk": 28, "model": "auth.permission", "fields": {"codename": "add_bug", "name": "Can add bug", "content_type": 10}}, {"pk": 29, "model": "auth.permission", "fields": {"codename": "change_bug", "name": "Can change bug", "content_type": 10}}, {"pk": 30, "model": "auth.permission", "fields": {"codename": "delete_bug", "name": "Can delete bug", "content_type": 10}}, {"pk": 31, "model": "auth.permission", "fields": {"codename": "add_feature", "name": "Can add feature", "content_type": 11}}, {"pk": 32, "model": "auth.permission", "fields": {"codename": "change_feature", "name": "Can change feature", "content_type": 11}}, {"pk": 33, "model": "auth.permission", "fields": {"codename": "delete_feature", "name": "Can delete feature", "content_type": 11}}, {"pk": 34, "model": "auth.permission", "fields": {"codename": "add_update", "name": "Can add update", "content_type": 12}}, {"pk": 35, "model": "auth.permission", "fields": {"codename": "change_update", "name": "Can change update", "content_type": 12}}, {"pk": 36, "model": "auth.permission", "fields": {"codename": "delete_update", "name": "Can delete update", "content_type": 12}}, {"pk": 37, "model": "auth.permission", "fields": {"codename": "add_userupdate", "name": "Can add user update", "content_type": 13}}, {"pk": 38, "model": "auth.permission", "fields": {"codename": "change_userupdate", "name": "Can change user update", "content_type": 13}}, {"pk": 39, "model": "auth.permission", "fields": {"codename": "delete_userupdate", "name": "Can delete user update", "content_type": 13}}, {"pk": 40, "model": "auth.permission", "fields": {"codename": "add_groupupdate", "name": "Can add group update", "content_type": 14}}, {"pk": 41, "model": "auth.permission", "fields": {"codename": "change_groupupdate", "name": "Can change group update", "content_type": 14}}, {"pk": 42, "model": "auth.permission", "fields": {"codename": "delete_groupupdate", "name": "Can delete group update", "content_type": 14}}, {"pk": 43, "model": "auth.permission", "fields": {"codename": "add_decision", "name": "Can add decision", "content_type": 15}}, {"pk": 44, "model": "auth.permission", "fields": {"codename": "change_decision", "name": "Can change decision", "content_type": 15}}, {"pk": 45, "model": "auth.permission", "fields": {"codename": "delete_decision", "name": "Can delete decision", "content_type": 15}}, {"pk": 46, "model": "auth.permission", "fields": {"codename": "add_item", "name": "Can add item", "content_type": 16}}, {"pk": 47, "model": "auth.permission", "fields": {"codename": "change_item", "name": "Can change item", "content_type": 16}}, {"pk": 48, "model": "auth.permission", "fields": {"codename": "delete_item", "name": "Can delete item", "content_type": 16}}, {"pk": 49, "model": "auth.permission", "fields": {"codename": "add_template", "name": "Can add template", "content_type": 17}}, {"pk": 50, "model": "auth.permission", "fields": {"codename": "change_template", "name": "Can change template", "content_type": 17}}, {"pk": 51, "model": "auth.permission", "fields": {"codename": "delete_template", "name": "Can delete template", "content_type": 17}}, {"pk": 52, "model": "auth.permission", "fields": {"codename": "add_meeting", "name": "Can add meeting", "content_type": 18}}, {"pk": 53, "model": "auth.permission", "fields": {"codename": "change_meeting", "name": "Can change meeting", "content_type": 18}}, {"pk": 54, "model": "auth.permission", "fields": {"codename": "delete_meeting", "name": "Can delete meeting", "content_type": 18}}, {"pk": 55, "model": "auth.permission", "fields": {"codename": "add_distributionrecord", "name": "Can add distribution record", "content_type": 19}}, {"pk": 56, "model": "auth.permission", "fields": {"codename": "change_distributionrecord", "name": "Can change distribution record", "content_type": 19}}, {"pk": 57, "model": "auth.permission", "fields": {"codename": "delete_distributionrecord", "name": "Can delete distribution record", "content_type": 19}}, {"pk": 58, "model": "auth.permission", "fields": {"codename": "add_participant", "name": "Can add participant", "content_type": 20}}, {"pk": 59, "model": "auth.permission", "fields": {"codename": "change_participant", "name": "Can change participant", "content_type": 20}}, {"pk": 60, "model": "auth.permission", "fields": {"codename": "delete_participant", "name": "Can delete participant", "content_type": 20}}, {"pk": 61, "model": "auth.permission", "fields": {"codename": "add_task", "name": "Can add task", "content_type": 21}}, {"pk": 62, "model": "auth.permission", "fields": {"codename": "change_task", "name": "Can change task", "content_type": 21}}, {"pk": 63, "model": "auth.permission", "fields": {"codename": "delete_task", "name": "Can delete task", "content_type": 21}}, {"pk": 1, "model": "auth.user", "fields": {"username": "superuser", "first_name": "", "last_name": "", "is_active": true, "is_superuser": true, "is_staff": true, "last_login": "2014-05-22T06:02:42.575Z", "groups": [], "user_permissions": [], "password": "pbkdf2_sha256$12000$h2LqLjmL40JL$7yoKi3/N1wYmGnXfGH/b26px0P3/8Lx7Spsx6ObmQqc=", "email": "superuser@econvenor.org", "date_joined": "2014-05-22T06:01:15.080Z"}}, {"pk": 2, "model": "auth.user", "fields": {"username": "Ash", "first_name": "Ash", "last_name": "Anderson", "is_active": true, "is_superuser": false, "is_staff": false, "last_login": "2014-05-22T06:07:45.429Z", "groups": [], "user_permissions": [], "password": "pbkdf2_sha256$12000$Ju5ctQidb6wq$qlCZpKprkiWRIDsGXqiAZGGv0vS8Fx4zFj+HN3wg/xs=", "email": "ash@econvenor.org", "date_joined": "2014-05-22T06:07:45.075Z"}}, {"pk": 1, "model": "accounts.group", "fields": {"account_type": "Free", "name": "Engineers Against Borders", "created": "2014-05-22T06:07:45.220Z", "country": "Australia", "focus": "gradual revolution", "modified": "2014-05-22T06:07:45.252Z", "aim": "To dismantle the state, efficiently.", "account_status": "Active", "logo": "", "slug": "engineers-against-bo", "users": [2]}}, {"pk": 2, "model": "accounts.usersettings", "fields": {"modified": "2014-05-22T06:07:45.246Z", "current_group": 1, "created": "2014-05-22T06:07:45.246Z"}}, {"pk": 1, "model": "common.userupdate", "fields": {"username": "Ash", "first_name": "Ash", "last_name": "Anderson", "created": "2014-05-22T06:07:45.262Z", "modified": "2014-05-22T06:07:45.262Z", "user": 2, "password": "set", "email": "ash@econvenor.org"}}]